class_id,Index,Plant,Disease,pixel_count,image_count_with_class,pixel_ratio
0,-1,Background,background,8386559872,11456,0.8046462825509322
1,0,Apple,apple black rot,5376378,83,0.0005158351740541436
2,1,Apple,apple mosaic virus,14081965,89,0.0013510904305462446
3,2,Apple,apple rust,13976113,139,0.0013409344882289486
4,3,Apple,apple scab,18437552,258,0.0017689860804155366
5,4,Banana,banana anthracnose,5803091,71,0.0005567760406796237
6,5,Banana,banana black leaf streak,56794609,167,0.005449143832307182
7,6,Banana,banana bunchy top,8553925,157,0.0008207040857657497
8,7,Banana,banana cigar end rot,5491457,60,0.0005268763984611657
9,8,Banana,banana cordana leaf spot,15319991,55,0.0014698725097068905
10,9,Banana,banana panama disease,7192045,63,0.0006900388671295494
11,10,Basil,basil downy mildew,15591443,63,0.0014959169004969996
12,11,Bean,bean halo blight,3293193,56,0.000315964536784595
13,12,Bean,bean mosaic virus,11797487,58,0.0011319067893006212
14,13,Bean,bean rust,106294030,233,0.010198352769460472
15,14,Bell pepper,bell pepper bacterial spot,3791154,76,0.00036374127404287097
16,15,Bell pepper,bell pepper blossom end rot,10140162,112,0.00097289517779576
17,16,Bell pepper,bell pepper frogeye leaf spot,1340030,31,0.00012856882612937074
18,17,Bell pepper,bell pepper powdery mildew,2728768,28,0.00026181092851607107
19,18,Blueberry,blueberry anthracnose,4108183,42,0.00039415853811827843
20,19,Blueberry,blueberry botrytis blight,2730487,36,0.0002619758575192399
21,20,Blueberry,blueberry mummy berry,3279120,47,0.0003146143064986173
22,21,Blueberry,blueberry rust,7531215,43,0.0007225804436302984
23,22,Blueberry,blueberry scorch,7685539,43,0.0007373870192469555
24,23,Broccoli,broccoli alternaria leaf spot,11121516,65,0.0010670509293814426
25,24,Broccoli,broccoli downy mildew,4024257,29,0.0003861062801078357
26,25,Broccoli,broccoli ring spot,2118587,16,0.00020326727285429816
27,26,Cabbage,cabbage alternaria leaf spot,10745448,61,0.0010309691839691607
28,27,Cabbage,cabbage black rot,20055744,131,0.0019242430865213244
29,28,Cabbage,cabbage downy mildew,16217111,84,0.0015559464523030868
30,29,Carrot,carrot alternaria leaf blight,5938574,60,0.0005697749215035497
31,30,Carrot,carrot cavity spot,2508739,72,0.00024070030394466647
32,31,Carrot,carrot cercospora leaf blight,953478,19,9.148119609275923e-05
33,32,Cauliflower,cauliflower alternaria leaf spot,13481008,54,0.0012934317691399863
34,33,Cauliflower,cauliflower bacterial soft rot,36538909,36,0.0035057160199233597
35,34,Celery,celery anthracnose,4059364,29,0.00038947461199512467
36,35,Celery,celery early blight,1809441,36,0.00017360634114188094
37,36,Cherry,cherry leaf spot,6653539,106,0.0006383720505033374
38,37,Cherry,cherry powdery mildew,4092244,33,0.00039262927495277016
39,38,Citrus,citrus canker,19028794,390,0.0018257126387003374
40,39,Citrus,citrus greening disease,12519769,133,0.0012012059459421698
41,40,Coffee,coffee berry blotch,3102871,118,0.0002977041425198441
42,41,Coffee,coffee black rot,397679,7,3.81552071269315e-05
43,42,Coffee,coffee brown eye spot,724620,20,6.952347543701606e-05
44,43,Coffee,coffee leaf rust,29259326,159,0.0028072783423927646
45,44,Corn,corn gray leaf spot,18622416,107,0.0017867228083048973
46,45,Corn,corn northern leaf blight,11936431,130,0.0011452377348598396
47,46,Corn,corn rust,80986952,177,0.0077702718225977725
48,47,Corn,corn smut,37214241,202,0.0035705105711554964
49,48,Cucumber,cucumber angular leaf spot,33516147,182,0.003215697914352239
50,49,Cucumber,cucumber bacterial wilt,17895782,108,0.0017170061001672518
51,50,Cucumber,cucumber powdery mildew,32576028,188,0.0031254984440031285
52,51,Eggplant,eggplant cercospora leaf spot,6310798,60,0.000605487855346209
53,52,Eggplant,eggplant phomopsis fruit rot,11467907,46,0.0011002853228291856
54,53,Eggplant,eggplant phytophthora blight,13173671,33,0.001263944401457082
55,54,Garlic,garlic leaf blight,3161334,92,0.0003033133596881175
56,55,Garlic,garlic rust,6864106,106,0.0006585748459717846
57,56,Ginger,ginger leaf spot,504275,25,4.838253232867057e-05
58,57,Ginger,ginger sheath blight,1987283,68,0.00019066934508694153
59,58,Grape,grape black rot,15142087,122,0.0014528035571881263
60,59,Grape,grape downy mildew,46364795,280,0.0044484580695050985
61,60,Grape,grape leaf spot,8950851,91,0.0008587870465056037
62,61,Grapevine,grapevine leafroll disease,13931739,71,0.0013366770364624473
63,62,Lettuce,lettuce downy mildew,37256058,84,0.003574522692229093
64,63,Lettuce,lettuce mosaic virus,4226999,39,0.00040555830800804754
65,64,Maple,maple tar spot,9138626,114,0.0008768030695248217
66,65,Peach,peach anthracnose,5985688,13,0.0005742952618498547
67,66,Peach,peach brown rot,38297657,173,0.0036744586345046587
68,67,Peach,peach leaf curl,21690534,182,0.0020810925833744053
69,68,Peach,peach rust,2481950,8,0.00023813004038103003
70,69,Peach,peach scab,14998005,78,0.0014389796475694073
71,70,Plum,plum bacterial spot,2048817,16,0.0001965732085430169
72,71,Plum,plum brown rot,17167971,81,0.0016471764650739752
73,72,Plum,plum pocket disease,4270175,57,0.00040970081797943753
74,73,Plum,plum pox virus,3391462,33,0.0003253929301600471
75,74,Plum,plum rust,20227606,34,0.0019407323409382001
76,75,Potato,potato early blight,7602290,126,0.0007293997158235665
77,76,Potato,potato late blight,9397029,117,0.0009015954774397995
78,77,Raspberry,raspberry fire blight,4614160,34,0.00044270436838958623
79,78,Raspberry,raspberry gray mold,4176712,40,0.0004007335350107507
80,79,Raspberry,raspberry leaf spot,8272343,18,0.0007936877747882638
81,80,Raspberry,raspberry yellow rust,8717782,37,0.0008364253025617023
82,81,Rice,rice blast,3696287,83,0.000354639284663219
83,82,Rice,rice sheath blight,4193265,76,0.00040232170824487196
84,83,Soybean,soybean bacterial blight,35015841,91,0.0033595856609946726
85,84,Soybean,soybean brown spot,25568122,71,0.002453126744828503
86,85,Soybean,soybean downy mildew,64762835,153,0.00621365318146618
87,86,Soybean,soybean frog eye leaf spot,75664852,238,0.007259644336986911
88,87,Soybean,soybean mosaic,26320759,117,0.0025253383039663814
89,89,Squash,squash powdery mildew,107989982,182,0.010361070438327407
90,90,Strawberry,strawberry anthracnose,7054542,58,0.000676846177936571
91,91,Strawberry,strawberry leaf scorch,7936692,39,0.0007614838278175621
92,92,Tobacco,tobacco blue mold,5738957,60,0.0005506227209069462
93,93,Tobacco,tobacco brown spot,6070661,66,0.0005824479740000984
94,94,Tobacco,tobacco frogeye leaf spot,3221929,28,0.00030912713103600466
95,95,Tobacco,tobacco mosaic virus,10231692,41,0.0009816769995875268
96,96,Tomato,tomato bacterial leaf spot,15480524,109,0.001485274806196541
97,97,Tomato,tomato early blight,10342422,187,0.0009923009603326632
98,98,Tomato,tomato late blight,16907275,163,0.0016221640558767016
99,99,Tomato,tomato leaf mold,14759270,156,0.0014160742807447875
100,100,Tomato,tomato mosaic virus,4987223,63,0.0004784977998667184
101,101,Tomato,tomato septoria leaf spot,27179235,130,0.002607704558139973
102,102,Tomato,tomato yellow leaf curl virus,9557453,93,0.0009169873159531001
103,103,Wheat,wheat bacterial leaf streak (black chaff),27663825,117,0.0026541984183177537
104,104,Wheat,wheat head scab,27201007,319,0.002609793466957304
105,105,Wheat,wheat leaf rust,38897991,132,0.0037320575223396698
106,106,Wheat,wheat loose smut,12831240,215,0.0012310899491684716
107,107,Wheat,wheat powdery mildew,88854412,271,0.008525113204372643
108,108,Wheat,wheat septoria blotch,44932564,232,0.00431104304266533
109,109,Wheat,wheat stem rust,29300823,148,0.002811259761150472
110,110,Wheat,wheat stripe rust,39928312,358,0.003830911399869605
111,111,Zucchini,zucchini bacterial wilt,11646136,70,0.001117385457387525
112,112,Zucchini,zucchini downy mildew,12160220,44,0.0011667091116429457
113,113,Zucchini,zucchini powdery mildew,74944327,213,0.0071905137552485425
114,114,Zucchini,zucchini yellow mosaic virus,23808314,95,0.00228428242882582
